source,target,key
48344443,48344507,0
48344443,48524007,0
48344443,2135056313,0
48344507,48524007,0
48344507,2128118357,0
48524007,2303894270,0
2135056313,2128118373,0
2135056313,2128118357,0
2128118357,2135056323,0
48344633,48389218,0
48389218,48510013,0
48389218,2512003434,0
48344789,48344792,0
48344789,48551825,0
48344789,48347291,0
48344792,48344794,0
48344792,48551826,0
48344792,48347294,0
48551825,48551824,0
48551825,48551826,0
48551825,48596772,0
48347291,48347294,0
48347291,948850249,0
48344794,48344796,0
48344794,48551828,0
48344794,48347298,0
48551826,48551828,0
48551826,48579637,0
48347294,48347298,0
48347294,948849970,0
48344796,48344799,0
48344796,48477437,0
48344796,48347305,0
48551828,48477437,0
48551828,48567348,0
48347298,48347305,0
48347298,48476769,0
48344799,48347312,0
48344799,48344803,0
48344799,48551833,0
48477437,48551833,0
48477437,48477440,0
48347305,48347312,0
48347305,48476773,0
48347312,48476780,0
48347312,48347318,0
48344803,48344806,0
48344803,48347318,0
48344803,48551836,0
48551833,48551836,0
48551833,48555463,0
48344806,48344811,0
48344806,48521602,0
48344806,48347324,0
48347318,48476784,0
48347318,48347324,0
48551836,48521602,0
48551836,48586237,0
48344811,48344815,0
48344811,48541044,0
48344811,48347328,0
48521602,48521608,0
48521602,48541044,0
48347324,48347328,0
48347324,48476787,0
48344815,48470516,0
48344815,48541044,0
48541044,48541048,0
48347328,48347332,0
48347328,48476809,0
48470516,48470522,0
48470516,48549578,0
48345325,48345339,0
48345325,48506286,0
48345325,48540687,0
48345339,48552719,0
48345339,48345347,0
48506286,48512115,0
48506286,48506276,0
48506286,3801418082,0
48552719,48502759,0
48552719,48546711,0
48552719,48590906,0
48345347,48345355,0
48345347,48546711,0
48345355,691146784,0
48345355,48557906,0
48546711,48502761,0
691146784,48529135,0
691146784,2859145791,0
48557906,48525111,0
48557906,48502765,0
948850249,948849970,0
948850249,48476755,0
948850249,48548271,0
948849970,48476769,0
948849970,948850036,0
48476769,48476773,0
48476769,48548274,0
48476773,48476780,0
48476773,48477423,0
48476780,48476784,0
48476780,48548275,0
48476784,48476787,0
48476784,48548276,0
48476787,48476809,0
48476787,48521582,0
48347332,48347358,0
48347332,48476823,0
48476809,48476823,0
48476809,48541039,0
48347358,48552710,0
48347358,48505785,0
48476823,48557162,0
48476823,48510072,0
48552710,48505785,0
48552710,48470522,0
48505785,48505788,0
48505785,48557162,0
48356985,48356998,0
48356985,48510791,0
48356985,3348139882,0
48356998,48357005,0
48356998,48448892,0
48510791,3348139882,0
48510791,48510778,0
3348139882,3348139875,0
48357005,48357008,0
48357005,48553240,0
48448892,48553240,0
48448892,12162703848,0
48357008,48357026,0
48357008,2130143288,0
48553240,48535239,0
48357026,48483935,0
48357026,2130143288,0
2130143288,48483894,0
48358306,48510657,0
48358306,48358308,0
48358306,48510654,0
48510657,48358308,0
48510657,48532430,0
48358308,48480441,0
48510654,2128245061,0
48510654,48510651,0
48480441,48480369,0
48480441,2135090553,0
48366338,48366339,0
48366339,48578053,0
48366339,48558839,0
48578053,48572554,0
48578053,48529442,0
48558839,2285950560,0
48558839,3084904224,0
48369199,48532403,0
48369199,48510598,0
48369199,48557882,0
48369199,Sun Wrasse North,0
48532403,48510598,0
48532403,2858395640,0
48510598,48532430,0
48557882,2514652214,0
48557882,48557875,0
48374016,48468342,0
48468342,48498952,0
48468342,48468328,0
48468342,48468436,0
48374023,48510575,0
48510575,48510577,0
48510575,48468315,0
48384327,48502938,0
48384327,48556124,0
48384327,48502944,0
48502938,48502944,0
48502938,48502934,0
48502938,48497280,0
48556124,48495374,0
48556124,48502934,0
48502944,48497287,0
48502944,48502952,0
48510013,48523694,0
48510013,48523708,0
48394734,48493357,0
48394734,2148550208,0
48394734,48493342,0
48394734,2148547967,0
2148550208,48455774,0
2148550208,48562197,0
2148550208,2562450516,0
48493342,48493343,0
48493342,4065653873,0
48493342,2562450516,0
48405727,48455800,0
48405727,48535239,0
48405727,48405730,0
48455800,48413531,0
48455800,2130143138,0
48535239,48483894,0
48535239,48477516,0
48405730,2130143138,0
48405730,48483894,0
2130143138,2130143238,0
48405741,48405759,0
48405759,2130143238,0
48405759,2130143147,0
2130143238,2130143147,0
2130143147,48438361,0
48413531,48467649,0
48413531,48477516,0
48467649,Lomark Ferry Terminal,0
48477516,3348139994,0
12162703848,12162703849,0
12162703848,3348139878,0
48455774,2148550207,0
48455774,48501125,0
48501125,48562197,0
48501125,48477175,0
48456927,48501909,0
48501909,48501907,0
48501909,3348139873,0
48461824,48461859,0
48461824,2135090557,0
48461824,48476020,0
48461859,2437681162,0
48461859,48461863,0
48476020,6553480041,0
48476020,48497608,0
48461863,48584202,0
48461863,48461899,0
48461899,48557904,0
48461899,48502737,0
48557904,48502765,0
48557904,48472144,0
48502737,48502759,0
48502737,48525460,0
48461987,2135090551,0
48461987,3348139886,0
48461987,3255255906,0
3348139886,3348139994,0
3348139886,3102806478,0
3348139886,3255255906,0
3255255906,3348139877,0
48462058,2859145791,0
48462058,48529135,0
48462058,48462078,0
2859145791,48557915,0
48529135,48529137,0
48462085,2859146203,0
2859146203,48552186,0
2859146203,48529171,0
48462096,9931003404,0
9931003404,48462138,0
9931003404,48468209,0
48462138,48527016,0
48462138,48476679,0
48527016,48545160,0
48527016,48468209,0
48476679,48487461,0
48476679,48476691,0
48462883,48563961,0
48462883,48572314,0
48563961,48510617,0
48563961,48590938,0
48572314,12628762307,0
48572314,Suna Spit,0
48466622,48505228,0
48466622,48553163,0
48466622,4580482655,0
48466622,48553159,0
48505228,48505194,0
48505228,48505194,1
48505228,48505224,0
48553163,2285938818,0
48553163,48477500,0
4580482655,48470676,0
4580482655,4580482656,0
48466668,48466676,0
48466668,48553167,0
48466668,48513246,0
48466668,48553169,0
48466676,2314659542,0
48466676,48521573,0
48553167,48553169,0
48553167,6119806087,0
48553167,48512862,0
48553169,48512864,0
48553169,48521573,0
2314659542,48466696,0
2314659542,48541072,0
48521573,48512866,0
48521573,48541072,0
48466696,48471045,0
48466696,48466705,0
48471045,48524701,0
48471045,48505248,0
48466705,48466751,0
48466705,48471019,0
48466751,48466767,0
48466751,48553191,0
48466751,48524701,0
48471019,48471014,0
48471019,48541072,0
48466767,48533054,0
48466767,48502957,0
48553191,48502952,0
48553191,48471014,0
48524701,48502957,0
48524701,48505248,0
48533054,48466778,0
48533054,48524706,0
48502957,48524706,0
48466778,48466781,0
48466778,48508668,0
48466781,48510770,0
48466781,48544281,0
48466781,48544279,0
48508668,48508667,0
48508668,48497295,0
48508668,48544279,0
48510770,48510766,0
48510770,48510772,0
48544279,48512856,0
48466864,48475445,0
48475445,48480151,0
48475445,48520121,0
48475445,48475432,0
48466907,12628676007,0
48466907,12628578013,0
48466907,48523944,0
48466907,48520111,0
12628578013,12628577947,0
12628578013,48525140,0
12628578013,48520108,0
48520111,48520121,0
48520111,2135049505,0
48468209,3148129999,0
3148129999,3148130000,0
3148129999,950773359,0
48468254,48523615,0
48468254,48468257,0
48468254,48498981,0
48523615,48561225,0
48523615,48577076,0
48498981,48498977,0
48498981,48480195,0
48498981,48498997,0
48468276,48539282,0
48468276,48503122,0
48468276,48468282,0
48468276,4530782014,0
48503122,48468282,0
48503122,48503125,0
48503122,48510629,0
48468282,48468290,0
48468282,48498918,0
4530782014,48523778,0
4530782014,48498911,0
48468290,48468297,0
48468290,48498924,0
48468290,48510629,0
48498918,48498921,0
48498918,48498911,0
48468297,48468304,0
48468297,48523631,0
48468297,48498926,0
48498924,48498926,0
48498924,48498921,0
48498924,48510636,0
48510629,48510628,0
48510629,48523631,0
48468304,48523635,0
48468304,48498935,0
48523631,2857086253,0
48523631,48523635,0
48498926,48592040,0
48498926,48498930,0
48523635,3753242814,0
48523635,48583984,0
48498935,48498938,0
48498935,48498930,0
48468315,48498944,0
48468315,48468328,0
48498944,48498948,0
48498944,48510570,0
48498944,48498938,0
48468328,48498948,0
48498948,48510570,0
48498948,48498952,0
48498952,48475334,0
48498952,12630597405,0
48468354,48468365,0
48468354,48523744,0
48468354,48498907,0
48468365,6635803184,0
48468365,48468385,0
48468365,48498898,0
48523744,48523778,0
48523744,48523738,0
48523744,48572261,0
48498907,48498898,0
48498907,2135090553,0
48498907,48498911,0
6635803184,48534436,0
6635803184,6635813985,0
48468385,48468396,0
48468385,2141714795,0
48468385,6635806684,0
48498898,48498895,0
48498898,48534420,0
48468396,48468453,0
48468396,48550865,0
48468436,48498970,0
48468436,48564043,0
48498970,48564055,0
48498970,3726938388,0
48498970,48498964,0
48564043,48513103,0
48564043,2133953566,0
48468511,48468515,0
48468511,48591003,0
48468511,48591000,0
48468515,48468518,0
48468515,48499077,0
48468515,48523694,0
48499077,48499078,0
48499077,4530873423,0
48523694,48487532,0
48468954,199420900,0
199420900,691146642,0
199420900,199420905,0
199420900,8742962146,0
48468962,48468970,0
48468970,48520559,0
48468970,48499070,0
48468970,48468981,0
48520559,48520580,0
48520559,48520518,0
48499070,48523655,0
48499070,48499061,0
48468981,48588067,0
48468981,48469024,0
48469024,48520580,0
48469024,2831981919,0
48520580,48520586,0
48470522,48564143,0
48549578,48564143,0
48549578,48549579,0
48564143,48557185,0
48564143,48564172,0
48470619,48543188,0
48470619,2133988902,0
48470619,48543194,0
2133988902,48540664,0
2133988902,2133988887,0
48543194,48540664,0
48543194,48543198,0
48470965,48470970,0
48470965,48523496,0
48470965,48523481,0
48470970,48470973,0
48470970,48495448,0
48523496,48495374,0
48523496,48504088,0
48523481,48510057,0
48523481,48523477,0
48470973,48470979,0
48470973,48495374,0
48495448,48541069,0
48495448,48495445,0
48495448,48523477,0
48470979,48470987,0
48470979,48541069,0
48495374,48495391,0
48470987,48471004,0
48470987,48541071,0
48541069,48541071,0
48541069,48521560,0
48471004,48471014,0
48471004,48512869,0
48541071,48512869,0
48541071,48521565,0
48512869,48512866,0
48512869,48541072,0
48505248,48556175,0
48472144,48472182,0
48472144,48475941,0
48472182,48472187,0
48472182,48475941,0
48475941,48557221,0
48475319,48564055,0
48475319,48513126,0
48475319,48475322,0
48564055,8742110405,0
48513126,48513124,0
48513126,48543753,0
48513126,48549865,0
48475322,48549865,0
48475322,48480222,0
48475322,48475334,0
48549865,48549875,0
48549865,48534045,0
48480222,2132566510,0
48480222,2132566510,1
48475334,48534045,0
48475334,6635737529,0
48534045,48550697,0
48475376,48480049,0
48475376,48508495,0
48475376,48475387,0
48480049,2141720803,0
48480049,48475387,0
48480049,48480042,0
48508495,48508471,0
48508495,48550626,0
48475387,48550626,0
48475387,48475398,0
48550626,48546109,0
48475398,48475666,0
48475398,48511169,0
48475666,48475677,0
48475666,48499039,0
48511169,691146642,0
48511169,691146665,0
48475409,48475424,0
48475424,48588199,0
48475424,48480109,0
48475424,48475432,0
48480109,48480127,0
48480109,48480093,0
48480109,48591941,0
48475432,48480127,0
48475432,48554024,0
48480127,48480151,0
48480127,9839116624,0
48554024,9839221162,0
48554024,48554027,0
48554024,48520121,0
48480151,48520140,0
48520121,48554005,0
48475603,48480298,0
48475603,48480298,1
48475603,48478789,0
48480298,48587609,0
48478789,2303894270,0
48478789,2128118373,0
48478789,48501917,0
48475616,48480249,0
48475616,48475638,0
48475616,48510646,0
48480249,48480251,0
48480249,48572493,0
48475638,48510646,0
48475638,48510636,0
48510646,48550657,0
48510646,48510650,0
48510636,48498921,0
48475647,48480334,0
48475647,48550657,0
48475647,48475658,0
48480334,48584011,0
48480334,48592040,0
48550657,48550665,0
48550657,48554085,0
48475658,691146824,0
48475658,48480345,0
48475658,2141720805,0
691146824,691146731,0
691146824,48510566,0
48480345,48480359,0
48480345,6635809058,0
48480345,48510569,0
48475677,8742962146,0
48475677,48499040,0
48499039,48511175,0
48499039,48499040,0
48499039,48499029,0
8742962146,48475684,0
48499040,48523789,0
48499040,48499053,0
48557221,48531020,0
48557221,48501899,0
48475948,48516805,0
48475948,48510778,0
48475948,48475954,0
48516805,48475968,0
48516805,3348139875,0
48510778,48501952,0
48475954,48475968,0
48475954,48533010,0
48475968,48475979,0
48533010,48533018,0
48533010,48549612,0
48475979,48512153,0
48475979,2134216562,0
48475979,3348139878,0
48512153,48501941,0
48512153,48533018,0
3348139878,3348139875,0
3348139878,3348139876,0
6553480041,48516827,0
6553480041,48540633,0
48497608,2437681161,0
48497608,48497620,0
48476642,2133919898,0
48476642,2133919891,0
48476642,48476649,0
2133919898,48511187,0
2133919898,2133919910,0
2133919891,48526815,0
2133919891,2133919907,0
48476649,48476666,0
48476649,2858407136,0
48476649,48557294,0
48476666,48557294,0
48476666,2858407135,0
2858407136,12669120965,0
2858407136,2858406995,0
48557294,48557298,0
2858407135,7074172227,0
2858407135,2858406995,0
48487461,48545150,0
48487461,48487482,0
48487461,48484175,0
48476691,48502876,0
48476691,48476702,0
48476691,48502907,0
48476702,48502913,0
48476702,48502907,0
48502907,48502913,0
48502907,950773347,0
48502913,48594308,0
48548274,48477423,0
48548274,48558571,0
48548274,948850036,0
48477423,48477414,0
48477423,48548275,0
48548275,48555458,0
48548275,48548276,0
48548276,48548279,0
48521582,48548279,0
48521582,48541039,0
48541039,48541084,0
48557162,48548291,0
48510072,48548291,0
48510072,48541084,0
48477175,2148564410,0
48477175,48501118,0
2148564410,2148559812,0
2148564410,2148564405,0
48501118,48477179,0
48501118,48520863,0
48477179,48541825,0
48477179,2148559767,0
48477179,48542313,0
48477179,2148559801,0
2148559767,2148559756,0
2148559767,2148559801,0
48542313,48534440,0
48542313,48572261,0
48542313,48542315,0
48477192,48510583,0
48477192,48510584,0
48477192,2132530844,0
48477192,7334236210,0
48510583,48510582,0
48510583,48541815,0
48510583,48541809,0
48510584,48562238,0
48510584,48510586,0
48510584,48562223,0
2132530844,2132530826,0
2132530844,48562238,0
48477201,2143016541,0
48477201,48477208,0
48477201,48511180,0
2143016541,2143016529,0
2143016541,48493267,0
48477208,48508527,0
48477208,48508527,1
48511180,48511178,0
48511180,48542374,0
48508527,48518781,0
48477221,2244171457,0
48477221,48503137,0
48477221,48503133,0
2244171457,48477224,0
2244171457,48562223,0
48503137,48562223,0
48503137,48557106,0
48503133,48510621,0
48503133,48503128,0
48477399,48477405,0
48477399,48534978,0
48477399,48534973,0
48477405,48477414,0
48477405,48548220,0
48534978,48548220,0
48534978,48534984,0
48534973,7074149398,0
48534973,48579682,0
48534973,12128127542,0
48477414,48555458,0
48477414,48558571,0
48548220,48555458,0
48548220,48548224,0
48558571,6117233478,0
48558571,48558567,0
48477440,48477443,0
48477440,48555463,0
48477440,48567348,0
48477443,48477449,0
48477443,48567349,0
48477443,48555464,0
48555463,48586237,0
48555463,48555464,0
48567348,48567349,0
48567348,48579637,0
48477449,48477455,0
48477449,48497963,0
48477449,48497971,0
48567349,48577056,0
48567349,48497963,0
48555464,48577049,0
48555464,48497971,0
48477455,48567358,0
48477455,48477464,0
48477455,48555465,0
48497963,48567358,0
48497963,48497959,0
48497971,48497990,0
48567358,48523471,0
48567358,48579640,0
48477464,48523471,0
48477464,48477471,0
48477464,48523474,0
48555465,48521625,0
48555465,48523474,0
48555465,48497990,0
48523471,4006880737,0
48523471,48523467,0
48477471,4006880737,0
48477471,48477480,0
48477471,48495435,0
48523474,48521558,0
48523474,48495435,0
4006880737,48567366,0
4006880737,4006880733,0
48477480,48567366,0
48477480,48477492,0
48477480,48555466,0
48495435,48495438,0
48495435,48555466,0
48567366,48567372,0
48477492,48567372,0
48477492,48477496,0
48477492,48555467,0
48555466,48586219,0
48555466,48555467,0
48567372,48512860,0
48567372,48595097,0
48477496,48512860,0
48477496,48512862,0
48477496,48477500,0
48555467,48586221,0
48555467,48512862,0
48512860,48567377,0
48512862,48512864,0
48477500,6119806087,0
6119806087,48477504,0
3348139994,48557892,0
48477558,48477585,0
48477585,48503230,0
48477585,48503214,0
48503230,48542468,0
48503230,48503242,0
48503230,48503242,1
48503214,48504090,0
48503214,48504088,0
48478761,48491339,0
48478761,48493347,0
48478761,48526856,0
48491339,48491322,0
48491339,48493347,0
48493347,48493343,0
48526856,48526862,0
48526856,12700502948,0
2303894270,48501917,0
2128118373,2128118341,0
48501917,950773365,0
2141720803,48508496,0
2141720803,2141720812,0
48480093,48487570,0
48480093,48591941,0
48487570,48487554,0
48487570,4530874338,0
48487570,48495501,0
48591941,48588183,0
9839116624,2135049501,0
9839116624,9839116623,0
48480161,48480195,0
48480195,2514060799,0
2514060799,2514060800,0
2514060799,2514060151,0
2132566510,48498964,0
48572493,6152595883,0
48572493,48572494,0
48587609,950773348,0
48587609,12702674217,0
48584011,48498930,0
48584011,48546725,0
48584011,48592040,0
48510569,48546725,0
48510569,48510570,0
2135090553,48534420,0
48484175,48533240,0
48484175,48545166,0
48533240,48557761,0
48533240,12629409348,0
48545166,48545160,0
48545166,8744532980,0
48487482,48487532,0
48487482,950773347,0
48487532,48557388,0
950773347,950773363,0
950773347,950773320,0
48487548,48487554,0
48487548,48520108,0
48487548,48525117,0
48487554,48546125,0
48487554,3348135418,0
48520108,2135049505,0
48525117,2303890866,0
48525117,48546117,0
48546125,48546130,0
48546125,48554027,0
3348135418,48546117,0
3348135418,3348135417,0
4530874338,48510014,0
4530874338,12702403865,0
48495501,48554027,0
48495501,3348149119,0
48493254,48493267,0
48493267,48493327,0
48493267,2858138950,0
2858138950,48511187,0
2858138950,2858138942,0
4065653873,2148547890,0
4065653873,2148547967,0
48494015,48503200,0
48503200,48503208,0
48503200,48539127,0
48503200,691146694,0
48495391,48502934,0
48495391,48523446,0
48502934,48497272,0
48523446,48523453,0
48523446,48495408,0
48495401,48495403,0
48495401,48594947,0
48495401,48497952,0
48495403,48589689,0
48495403,48523462,0
48495403,48495405,0
48594947,48595070,0
48594947,48589689,0
48497952,48497959,0
48497952,48577059,0
48589689,48589693,0
48589689,8793108489,0
48523462,3392709912,0
48523462,48589687,0
48495408,48497272,0
48495408,48495412,0
48497272,48497280,0
48495438,48495445,0
48495438,48586219,0
48495445,48521560,0
48495445,48521558,0
48586219,48586221,0
48586219,48521560,0
48521560,48521565,0
48521558,48521632,0
48523477,48521632,0
48523477,48541061,0
48495467,48523708,0
48495467,2512003436,0
48495467,48501158,0
48523708,2512003435,0
48554027,48588222,0
48497280,48508662,0
48497280,48497287,0
48508662,48508667,0
48508662,48544275,0
48497287,48497295,0
48497287,48508667,0
48497295,1919739685,0
48497295,48502952,0
48508667,48512856,0
48497620,48584200,0
48497620,48497665,0
48497697,48542370,0
48497697,48497710,0
48497697,48542374,0
48542370,48533334,0
48542370,48576410,0
48497710,12684698386,0
48497710,48543007,0
48542374,48576320,0
48543007,48543008,0
48543007,48533334,0
48497959,48579640,0
48497959,48577056,0
48577059,48577056,0
48577059,48596772,0
48579640,48579641,0
48579640,48592115,0
48577056,48579637,0
48497990,48498005,0
48498241,12631116819,0
48498241,48498246,0
48498241,48549587,0
12631116819,48539127,0
12631116819,12631116827,0
48498246,48498257,0
48498246,48544076,0
48498246,48564216,0
48549587,48549579,0
48549587,48564172,0
48498257,48498263,0
48498257,48544078,0
48498257,48557195,0
48544076,48531678,0
48544076,48544078,0
48544076,48544074,0
48564216,48557191,0
48564216,48564172,0
48498263,48498275,0
48498263,48512107,0
48498263,3734103920,0
48544078,48512107,0
48544078,48531687,0
48557195,48557191,0
48557195,3734103920,0
48498275,48498279,0
48498275,48540690,0
48512107,48512111,0
3734103920,48512198,0
3734103920,48540678,0
48540690,48540678,0
48540690,48543198,0
48534420,48576923,0
48498911,48572495,0
48572495,48590946,0
48572495,48572494,0
48498938,48546734,0
48498938,48546725,0
48546725,48546723,0
12630597405,12630597402,0
48498964,12630597402,0
3726938388,48543747,0
3726938388,8742110408,0
3726938388,2134009245,0
48498977,2134009245,0
48498977,48592036,0
2134009245,2134009240,0
48498997,48508496,0
48498997,48499016,0
48508496,48499016,0
48499016,48508499,0
48499016,48499029,0
48508499,48508501,0
48508499,48589850,0
48499029,48511177,0
48511177,48511178,0
48511177,48511175,0
48511175,48523789,0
48523789,48523646,0
48499053,48576304,0
48499053,48499061,0
48576304,48576302,0
48576304,2141725040,0
48499061,48586398,0
48499061,48523655,0
48523655,48576410,0
48523655,48523646,0
4530873423,950773365,0
4530873423,4530873428,0
48562197,2148559775,0
48501899,48557892,0
48501899,48501907,0
48557892,3348139873,0
48501907,48531020,0
48531020,48552183,0
3348139873,2303890866,0
950773365,950773323,0
950773365,48554034,0
48501932,48501933,0
48501933,48501937,0
48501933,48533018,0
48501933,48564188,0
48501937,48557218,0
48501937,48501941,0
48501941,48512136,0
48512136,48525445,0
48512136,48512131,0
48501952,48501954,0
48501952,6120152410,0
48501952,48510772,0
48510772,2437678020,0
48510772,48584205,0
48502759,48502761,0
48525460,48540633,0
48525460,48512131,0
48502761,48502765,0
48594308,48594300,0
48594308,48566190,0
48524706,11393302168,0
48503125,48503128,0
48503125,48539295,0
48503125,48510624,0
48503128,48543689,0
48539295,48542319,0
48539295,48539294,0
48510624,48510622,0
48510624,4530897811,0
48543689,48543690,0
48543689,48568932,0
48510621,48510622,0
48510621,48541809,0
48557106,48557105,0
48557106,48562206,0
48503208,48503211,0
48503208,48549608,0
48539127,48549608,0
48503211,48525445,0
48503211,48510766,0
48549608,48525445,0
48549608,48564196,0
48525445,48549612,0
48510766,691146810,0
48504088,48504086,0
48503242,48503252,0
48503254,12700691655,0
48503254,48549612,0
48503254,48554158,0
48549612,48554169,0
48503919,48503920,0
48503919,48510046,0
48503919,48506512,0
48503920,48549579,0
48503920,48504083,0
48510046,48510049,0
48510046,48541061,0
48506512,48506520,0
48506512,48510049,0
48504083,48504086,0
48504083,48510057,0
48504086,48591413,0
48510057,48510049,0
48504529,48504530,0
48504529,48518721,0
48504529,48518715,0
48518715,48529188,0
48518715,48520586,0
48505194,48505221,0
48505788,48512192,0
48505788,48548291,0
48512192,2859179984,0
48512192,48552716,0
48506254,48506276,0
48506276,48557205,0
48557205,48512115,0
48557205,48564192,0
48557205,48557203,0
48512115,48512113,0
48512115,48589010,0
3801418082,48512131,0
3801418082,48557180,0
48508428,48543918,0
48508428,48508466,0
48508428,48557917,0
48543918,48557924,0
48543918,48543923,0
48557917,5184719991,0
48557917,48520499,0
48557917,48552208,0
48508471,48543927,0
48508471,48564088,0
48508471,48561304,0
48543927,48546157,0
48543927,48525090,0
48564088,48562976,0
48564088,48552147,0
48561304,2514060151,0
48561304,48550599,0
48561304,48523955,0
48508501,48508504,0
48508501,48523805,0
48508501,48523792,0
48508504,48562978,0
48508504,48562978,1
48562978,48511178,0
48544275,48544273,0
48544275,48512856,0
48510014,48510026,0
48510014,48554034,0
48554034,48586399,0
48554034,48586402,0
48541061,48541048,0
48541061,48521615,0
48541084,48534984,0
48510557,48546145,0
48510557,907764687,0
48510557,48510560,0
48546145,3084884150,0
48546145,691146620,0
907764687,48584008,0
907764687,12162957821,0
48510560,48510561,0
48510560,48523977,0
48510561,48554086,0
48510561,48523910,0
48554086,48554085,0
48554086,48510566,0
48523910,48554085,0
48523910,48584008,0
48510566,9473263104,0
48510577,48510579,0
48510577,48510579,1
48510579,48510581,0
48510579,6120092888,0
48510581,48510582,0
48510581,48595530,0
48510581,48546735,0
48510582,48518744,0
48518744,48541809,0
48518744,48510622,0
48562238,48562242,0
48510586,48594357,0
48510586,48510589,0
48510589,48523375,0
48510589,48562242,0
48523375,48523371,0
48523375,48510670,0
48523375,48526869,0
48562242,3084904226,0
48562242,3084904223,0
48532430,48532434,0
48532430,48531691,0
48510617,12645999466,0
48510617,5143691753,0
5143691753,5143691756,0
5143691753,5143691734,0
4530897811,2135164135,0
4530897811,2135164135,1
48510650,48510651,0
48510650,1934014315,0
48510651,48554000,0
48511160,48562976,0
48511160,48545530,0
48511160,48511161,0
48562976,48546109,0
48545530,48539453,0
48545530,48552208,0
48511161,48546109,0
48511161,691146665,0
691146665,691146629,0
691146642,199420905,0
691146642,2133052271,0
48511187,48511190,0
48511187,48526826,0
48511190,48511194,0
48511190,48530519,0
48526826,48576339,0
48526826,48523385,0
48526826,48526838,0
48511194,48580702,0
48511194,48580678,0
48512111,48512113,0
48512111,48531687,0
48512113,48557203,0
48531687,48557203,0
48531687,48531678,0
48557203,48531678,0
2859179984,48512198,0
2859179984,2859179983,0
48512198,48540664,0
48512198,48557185,0
48540664,48540678,0
48557185,48557191,0
48512834,2285938818,0
48512834,48595070,0
48512834,691131926,0
2285938818,48553159,0
48595070,4006880733,0
48595070,48589693,0
48512864,48512866,0
48512864,48586221,0
48512866,48521565,0
48586221,48521565,0
48513099,48513103,0
48513099,2133953499,0
48513099,2133953566,0
48513103,48543796,0
2133953499,3753220742,0
2133953499,2133953529,0
2133953499,2133953567,0
2133953566,48564015,0
48513112,48513113,0
48513112,691146690,0
48513112,6732450781,0
48513113,48543765,0
48513113,48513114,0
6732450781,48543769,0
6732450781,48534984,0
48543765,48532369,0
48543765,48525078,0
48543765,48552127,0
48513114,48525078,0
48513114,48513116,0
48513114,48525065,0
48525078,48525081,0
48513116,48523948,0
48513116,3084884150,0
48513116,48546151,0
48523948,48513124,0
48523948,48523935,0
48523948,48523950,0
3084884150,12687824227,0
48546151,48523950,0
48546151,48552127,0
48546151,48546155,0
48513124,48549875,0
48549875,48523935,0
48549875,48534043,0
48543753,48554002,0
48543753,48550599,0
48514202,48514203,0
48514202,2858406994,0
48514202,48543772,0
2858406994,48526815,0
2858406994,2858406995,0
48516827,3348139876,0
48516827,3348139877,0
3348139876,3348139877,0
48517951,48517957,0
48517951,48572554,0
48517951,48529415,0
48517951,3084904224,0
48572554,48572528,0
48529415,48529434,0
48529415,48586001,0
3084904224,3084904226,0
3084904224,48564015,0
48529188,48541724,0
48529188,48523421,0
48520586,48595533,0
2135049505,48546130,0
48520499,48557915,0
48520499,48520507,0
48557915,691146687,0
48520507,2128245129,0
48520507,48552217,0
2128245129,48520509,0
2128245129,2128245124,0
48552217,48552208,0
48552217,48576351,0
48520509,48520518,0
48520509,48539470,0
48520518,2133046473,0
48539470,48539453,0
48539470,48576314,0
48521632,48521625,0
48548279,48548224,0
48521608,48541048,0
48521608,48586237,0
48521608,48521612,0
48586237,48577049,0
48521612,48577049,0
48521612,48521615,0
48521615,48521625,0
48521820,48549687,0
48521820,9839219434,0
48521820,8744532980,0
9839219434,12629409643,0
9839219434,9839219432,0
8744532980,8744532986,0
48523362,48586010,0
48586010,48586001,0
48586010,48571952,0
48526869,48526876,0
48526869,48563976,0
48523384,48523385,0
48523385,48523421,0
48523421,7321192313,0
7321192313,48526838,0
7321192313,7321192323,0
48589687,48531181,0
48589687,48592112,0
48523466,48523467,0
48523467,4006880733,0
48523467,48579641,0
48561225,2134009246,0
48561225,8837667400,0
48523646,48576286,0
48576410,48533334,0
48523778,48542319,0
48572261,48534436,0
48542319,48542317,0
48584008,48586679,0
48523930,48523931,0
48523931,48523935,0
48523931,48534043,0
48523935,12687824228,0
48534043,48554113,0
48534043,6635737535,0
48523950,48523955,0
48523955,48546155,0
48546155,48525085,0
48546155,48546157,0
48525085,48525086,0
48525085,48552130,0
48525086,48525090,0
48525086,48552137,0
48525086,48546157,0
48552130,48552137,0
48552130,48552127,0
48552130,48531032,0
48525090,48543923,0
48552137,48543923,0
48543923,48552147,0
48525094,48525101,0
48525101,48529175,0
48525101,48529172,0
48529172,48529171,0
48529172,48552164,0
48525109,48525111,0
48525111,48593255,0
2303890866,950773323,0
48546117,950773323,0
48540633,8744391255,0
48526815,2133935896,0
48526838,7321192323,0
48526838,48529235,0
7321192323,48526839,0
48526862,2148548365,0
48526862,2148547890,0
12700502948,5143468075,0
12700502948,12700502945,0
2148548365,4065653874,0
2148548365,2148547890,0
48563976,5143691728,0
48563976,5143691746,0
48545160,950773359,0
48529137,48529171,0
48529137,48531017,0
48529434,48529442,0
48529434,48533619,0
48586001,48596193,0
48529442,48565516,0
48565516,48565518,0
48565516,48571952,0
48552183,48587566,0
48552183,48587574,0
48531032,48532369,0
48531032,48557924,0
48532369,48543769,0
48557924,48543769,0
48531181,3355575650,0
48531181,48531727,0
3355575650,3355575651,0
3355575650,5436126723,0
48531727,48548234,0
48531727,48531715,0
48531675,48531678,0
48531691,48531692,0
48531691,48532434,0
48531692,48531694,0
48531692,48567323,0
48532434,5439081022,0
48532434,12162957818,0
48531694,12128127542,0
48531694,48567323,0
48567323,2514652209,0
48567323,48531762,0
12128127542,12128127545,0
48531702,12128127545,0
48531702,11531586305,0
48531702,11531586298,0
12128127545,48531762,0
11531586305,11531586308,0
11531586305,11531586298,0
48531710,48531715,0
48531710,11531586288,0
48531710,11531586307,0
48531715,48548234,0
48531715,48548271,0
11531586288,11531586310,0
11531586288,11531586307,0
48548234,48534971,0
48548271,948850036,0
48531762,48534971,0
48534971,7074137562,0
48534971,48534967,0
12162957818,12162957821,0
12162957818,12162957821,1
48557761,48562249,0
48557761,48562247,0
48576923,48576926,0
48576923,48576920,0
48534436,48534440,0
48534436,48552634,0
48534440,48542248,0
7074137562,11531586309,0
7074137562,11531586308,0
7074149398,11531586293,0
7074149398,11531586310,0
48535023,4527170466,0
4527170466,5143691732,0
4527170466,12698974244,0
48539117,48557180,0
48539117,2167487357,0
48539117,2167487371,0
48557180,48564196,0
48539453,2133042334,0
48543198,5184719991,0
48542315,48542317,0
48542315,48568932,0
48542317,48568932,0
48542326,2135164135,0
5184719991,5184719996,0
48550599,8742110405,0
48552147,48552149,0
950773359,6635833445,0
48546130,48554966,0
48548224,48548231,0
948850036,48558567,0
48564196,2167487353,0
8742110405,9577054771,0
48596772,48579637,0
48553159,691131926,0
691131926,48589693,0
48557105,2148570557,0
48557105,2141712295,0
2148570557,2148559765,0
2148570557,2148559756,0
2141712295,2141712294,0
2141712295,2302968153,0
48562206,2562450516,0
48562206,2148559782,0
2514652214,2514652209,0
2514652214,2514652212,0
48558561,48558567,0
2514060151,2514060152,0
2148559775,2148564405,0
2148559775,2148559782,0
3084904226,3084904223,0
3084904223,48564015,0
5143691728,12698974244,0
5143691728,5143691746,0
48571952,48571953,0
2514652209,2514652212,0
12628762307,2148547952,0
12628762307,4065653874,0
950773348,12702674218,0
950773348,950773382,0
12702674217,12702674216,0
12702674217,4530873428,0
48589693,6728139215,0
199420905,691146629,0
691146629,691146658,0
691146629,691146658,1
491334376,491334391,0
491334376,12629409643,0
12629409643,9839219432,0
691146658,691146721,0
950773331,12702674218,0
950773331,2138171177,0
950773331,12702674215,0
12702674218,12702674216,0
12702674215,12702674216,0
12702674215,4530873428,0
2133919888,2133919890,0
2133919890,2133919907,0
2133919890,2133919889,0
2133919889,2133919899,0
2133919889,2133919897,0
2133919897,2133919903,0
2133919897,2133919910,0
2133919907,2133919910,0
3753220742,3753220744,0
3753220742,3753221926,0
2133953567,3753224493,0
2133953567,3753224494,0
2141720789,2141720812,0
2141720812,2141720809,0
2148547920,2148547933,0
2148547920,5143456928,0
2148547920,2148547965,0
2148547933,2148547967,0
2148547933,2148547965,0
2148547952,2148547965,0
2148547952,4065653874,0
2148559756,2148559765,0
2148559765,2148559782,0
2148564405,2148559812,0
2148559801,2148559812,0
2408343142,5436126723,0
5436126723,12026610146,0
2858138941,2858138942,0
2858138942,2858138951,0
3102806478,3102806488,0
3102806478,3102806498,0
3102806488,3102814207,0
3102806488,3102810588,0
3102806498,3102815405,0
3102806498,3102815402,0
3102810588,3102814200,0
3102810588,3102814193,0
3355575651,5437729331,0
3355575651,5437729331,1
5437729331,12026610146,0
5143691732,5143691734,0
5143691732,12698974244,0
5143468075,5143691744,0
5143468075,5143691739,0
5143691744,5143691746,0
5143691744,5143691739,0
5143691734,5143691756,0
5143691756,5143691739,0
5436126621,12026610146,0
11531586309,11531586307,0
11531586309,11531586308,0
11531586293,11531586298,0
11531586293,11531586310,0
9839219420,9839219423,0
9839219423,9839219428,0
9839219423,9839219429,0
9839219428,9839219429,0
9839219428,11558935816,0
9839219429,9839219432,0
12162703849,12162703851,0
12162703849,12162703853,0
581588607,582341586,0
581588607,581652269,0
581588607,582131646,0
581588607,582190618,0
581652269,581637874,0
581652269,582107056,0
582131646,582107056,0
582131646,582102259,0
581588620,581853838,0
581588620,582106208,0
581588620,581734456,0
581853838,582184557,0
581853838,582184453,0
582106208,581734456,0
582106208,582184453,0
581734456,581772262,0
581588640,582261191,0
581588640,582184632,0
581588640,581644563,0
582184632,582342154,0
582184632,581717581,0
581590664,2010145012,0
581590664,581817064,0
581590664,581875123,0
2010145012,2091297024,0
2010145012,2010144977,0
581817064,581817058,0
581817064,581725463,0
581817064,2768643117,0
581875123,581858009,0
581875123,581677474,0
581595106,581782063,0
581595106,2154170765,0
581595106,581642797,0
581782063,581747547,0
581782063,582130969,0
2154170765,2154170784,0
2154170765,7746078819,0
581642797,582190581,0
581642797,581734514,0
581607723,581622419,0
581607723,581622455,0
581607723,581854308,0
581622419,581860792,0
581622419,581860792,1
581622455,582110768,0
581622455,581854308,0
581854308,582130011,0
581614797,581685026,0
581614797,582199729,0
581614797,581761247,0
581685026,581627068,0
581685026,582398954,0
582199729,581627068,0
582199729,582196937,0
581761247,582325540,0
581761247,581620610,0
581614967,581641575,0
581641575,581764365,0
581641575,581764379,0
581620610,582256026,0
581620610,581815905,0
581815905,582415923,0
581815905,581832048,0
581815905,1989349570,0
581620745,582326884,0
581620745,582122166,0
581620745,581637874,0
582122166,582107098,0
582122166,582193364,0
581637874,581736007,0
581860792,581736422,0
582110768,582109520,0
582110768,582109520,1
581625290,581660132,0
581625290,582185624,0
581625290,2908343457,0
581625290,582343710,0
581660132,2327694734,0
582185624,582190348,0
582185624,581854831,0
581627068,581860856,0
581637571,582411949,0
581637571,581772307,0
581637571,2093846313,0
581772307,582132220,0
581772307,582112194,0
2093846313,581724444,0
2093846313,581748497,0
581637765,581654893,0
581637765,581830894,0
581637765,581838542,0
581637765,581862761,0
581654893,582254452,0
581654893,582398966,0
581830894,582196937,0
581830894,582398929,0
581838542,581815970,0
581838542,582262741,0
581838542,582411510,0
581862761,581861511,0
581736007,582107056,0
581736007,582107098,0
581736007,582377644,0
581638101,581677474,0
581638101,582431054,0
581638101,581858009,0
581677474,581734514,0
581858009,582381550,0
581764365,581764192,0
581764365,581764379,0
581764365,2210696281,0
581764379,582192404,0
581764379,582415823,0
581734514,581662452,0
581644234,2091905468,0
2091905468,582261325,0
2091905468,2091905552,0
581644544,581717581,0
581717581,581771306,0
581650848,581880799,0
581650848,581873689,0
581650848,2010145136,0
581880799,581746662,0
581880799,581873689,0
581873689,582105899,0
2010145136,9505642891,0
2010145136,582412447,0
581650933,2091966820,0
581650933,2908355164,0
581650933,2327694734,0
2091966820,2091966822,0
2091966820,2091966796,0
2908355164,581831733,0
2908355164,2908355168,0
2327694734,2327694741,0
581651411,582430434,0
581651411,582143084,0
581651411,581783194,0
582143084,582146438,0
582143084,2154170860,0
581783194,581723778,0
581783194,582106160,0
581651997,582184557,0
581651997,2154178492,0
581651997,581717431,0
582184557,581717431,0
2154178492,581662452,0
2154178492,2154178495,0
581717431,581734568,0
582254452,Paackand/Centralia,0
581657410,582369916,0
582369916,581736422,0
582369916,581678301,0
581661890,582324974,0
581661890,581874286,0
581661890,581837794,0
581874286,581771306,0
581874286,581771297,0
581837794,582261047,0
581837794,582146760,0
581837794,582341806,0
581662452,581680120,0
581678301,581680281,0
581678301,581732477,0
581732477,581723980,0
581732477,581815968,0
581734568,581853743,0
581734568,582184453,0
581771306,2091409677,0
581717648,581771285,0
581717648,581771297,0
581717648,2939265387,0
581771285,581771297,0
581771285,582131239,0
581771297,582324958,0
581723449,581817325,0
581723449,582146579,0
581723449,581783210,0
581723449,581819131,0
581783210,581838004,0
581783210,582325471,0
581723524,582165938,0
581723524,581748497,0
581723524,582325400,0
582165938,582262066,0
582165938,582377473,0
582165938,582131572,0
582325400,581748003,0
582325400,2093846377,0
581723536,582112194,0
582112194,581748003,0
582112194,581772262,0
581723727,581735799,0
581735799,582112343,0
581735799,582106990,0
581725153,581727116,0
581727116,582382011,0
581727116,581857848,0
581727116,2010145062,0
581725268,2091905552,0
2091905552,581858132,0
581725347,581746598,0
581746598,582325033,0
581746598,582261406,0
581746598,582095934,0
581725355,2091905569,0
2091905569,582431210,0
2091905569,581858132,0
581725463,581880431,0
581725463,581782286,0
581880431,2150042901,0
581880431,581880436,0
581782286,581857848,0
581782286,581782526,0
581857848,2091297122,0
581857848,581853932,0
2010145062,2010145010,0
2010145062,2010145079,0
2010145062,2010145018,0
581772262,581853743,0
581853743,581748003,0
582112343,582122092,0
582112343,581854267,0
582112343,581864189,0
582107098,582131680,0
581736422,581738844,0
581738844,581860890,0
581738844,581861511,0
581861511,582109520,0
582095934,582190773,0
582095934,2091381119,0
582095934,582342154,0
581746662,4359429887,0
581747547,582262123,0
581747547,582325312,0
581747547,581817079,0
581817079,2154171911,0
581817079,582431048,0
581764192,581875910,0
581764192,582415794,0
581764192,582192404,0
581875910,582096282,0
581875910,582262709,0
582192404,581854267,0
582192404,582201651,0
582131239,2188006920,0
582131239,582131230,0
582131239,2768643117,0
582324958,582382221,0
582324958,582130900,0
581782526,582131346,0
581782526,581858073,0
582131346,582243970,0
582131346,2010144977,0
581858073,581853939,0
581858073,581880461,0
581782666,582131433,0
581782666,582343775,0
582343775,582097610,0
582343775,2010144977,0
581783157,582166000,0
582166000,581838004,0
582166000,582262104,0
582106160,2093846377,0
582106160,581838164,0
581838004,581838164,0
581832048,582208292,0
581832048,582326821,0
581815913,582208292,0
582208292,581864189,0
581815964,581815970,0
581815970,582377191,0
2768643117,2188006920,0
582196937,582327013,0
581831733,2091966848,0
581831733,582147215,0
2091966848,2091966796,0
2091966848,582105899,0
582146760,582382094,0
582146760,582131230,0
582341806,2091381110,0
582341806,582341793,0
581838164,581844661,0
581844661,582430244,0
581844661,582102259,0
581844661,12460801556,0
582102259,582190625,0
581853939,2172698609,0
581853939,582131202,0
582131202,581880461,0
582131202,581880436,0
581854267,582262709,0
582262709,581859152,0
581854824,2908343458,0
581854824,581854831,0
2091297122,2010145079,0
2091297122,2010145111,0
581880461,581880436,0
581858110,581858132,0
581858110,582243886,0
581858110,582412447,0
582243886,2148257525,0
582243886,582342154,0
581859140,582096282,0
582096282,582190625,0
581860933,581876956,0
581876956,582122077,0
581876956,582371425,0
581876956,582110850,0
581861911,582371425,0
581861911,582193371,0
581861911,582206916,0
582371425,582398982,0
582206916,582262075,0
582206916,582190625,0
581864189,582326856,0
582105899,582118046,0
582110850,582193584,0
582110850,582122163,0
2091381119,2091381117,0
2091381119,582261409,0
582097610,582430737,0
582097610,582431168,0
582118046,2908355167,0
582118046,582259778,0
2093846377,2093846372,0
582193584,582193545,0
582193584,582415800,0
582131230,2188006920,0
2154170860,2154170990,0
2154170860,2154170784,0
582261325,South Paackand/Centralia,0
2091381110,582431163,0
2091381110,2091381117,0
582342176,2091381117,0
582343737,2091966822,0
2091966822,2091966832,0
582430977,2091966832,0
2091966832,2327694741,0
2010144997,2010145018,0
2010145018,2010145024,0
2091297024,2010145072,0
2091297024,2010145079,0
2010145024,2172698593,0
2010145024,2010145043,0
2010145043,2010145028,0
2010145043,2010145059,0
2010145079,2010145100,0
2010145072,2172698596,0
2010145072,2010145082,0
2010145082,2172698604,0
2010145082,2172698599,0
2010145100,2172698606,0
2010145100,2172698601,0
2010145100,2010145111,0
2010145111,2091297138,0
9505642891,9505642906,0
9505642891,2172738638,0
2091966796,2172698611,0
2327694741,2327694739,0
2154170784,9733672442,0
2172738638,2907921167,0
2172738638,9505642897,0
9505642897,9505642918,0
9505642897,9505642898,0
9505642906,9505642912,0
9505642906,9505642908,0
9505642895,9505642896,0
9505642896,9505642918,0
9505642896,9505642912,0
9505642918,9505642913,0
9505642918,9505642917,0
9505642912,9505642911,0
9505642908,9505642907,0
9505642908,9505642911,0
9505642911,9505642910,0
37739740,37866727,0
37866727,37866728,0
37866727,37882284,0
37866727,7714728482,0
37739879,2573401348,0
2573401348,37857657,0
2573401348,2573401358,0
37740486,37824925,0
37740486,37740492,0
37740486,37891015,0
37891015,37872655,0
37891015,37895535,0
37740496,37740497,0
37740496,37889727,0
37740496,37863957,0
37740497,37740499,0
37740497,37890380,0
37740497,37863897,0
37889727,37834647,0
37889727,37846916,0
37889727,37890380,0
37740499,5099616462,0
37740499,37846951,0
37740499,37846950,0
37890380,37846950,0
37863897,37846951,0
37863897,37868114,0
37863897,37868116,0
5099616462,37740505,0
5099616462,12064154794,0
5099616462,7557471323,0
37846951,12064154794,0
37846951,37846954,0
37846950,37834651,0
37846950,7557471323,0
37740505,37740507,0
37740505,37864377,0
37740505,11935893147,0
37740507,37740509,0
37740507,37863902,0
37740507,37882682,0
37864377,2570851949,0
37864377,6563166965,0
37864377,2570851922,0
11935893147,12064154794,0
11935893147,37863902,0
11935893147,37864379,0
37740509,37740511,0
37740509,37863904,0
37740509,6563166962,0
37863902,37868121,0
37863902,37863904,0
37740511,37740519,0
37740511,37863905,0
37740511,37895499,0
37863904,37863905,0
37863904,37868123,0
37863905,37868125,0
37863905,37863908,0
37740525,37740529,0
37740529,37740530,0
37740529,37857689,0
37740529,37857692,0
37740530,37740532,0
37740530,37863913,0
37857689,37857687,0
37857689,37863913,0
37857689,37863912,0
37857692,37875238,0
37857692,37890530,0
37740532,37826657,0
37740532,37826658,0
37740532,37740541,0
37863913,37826658,0
37863913,37868142,0
37826658,37839331,0
37826658,37826661,0
37740541,37883687,0
37740541,37740543,0
37740541,37863922,0
37863922,37863927,0
37863922,37839331,0
37740559,37863974,0
37863974,37831306,0
37863974,37863976,0
37740569,37863927,0
37863927,2572371421,0
37752353,3892015290,0
37752353,37752364,0
37752353,393672314,0
3892015290,37845907,0
3892015290,37752388,0
37752364,393672314,0
37752364,37752376,0
37752376,37752387,0
37752376,37873665,0
37752387,393670978,0
37752387,37752388,0
393670978,37873665,0
393670978,37883932,0
393670978,37873637,0
393670978,3481546343,0
37752388,37845907,0
37759279,37898767,0
37759279,37875238,0
37759279,37848670,0
37875238,12098181469,0
37848670,37848671,0
37848670,37862681,0
37761359,37831242,0
37761359,37901849,0
37761359,37868470,0
37761359,37831240,0
37831242,37831244,0
37831242,37840868,0
37868470,37846947,0
37868470,37867987,0
37831240,37800646,0
37831240,37831236,0
37763932,37855555,0
37855555,37858030,0
37855555,37837498,0
37763978,37763981,0
37763978,37830914,0
37763978,2573935307,0
37763981,37830919,0
37763981,37858145,0
37830914,37830919,0
37830914,2573935263,0
37830919,2573935363,0
37830919,2573935119,0
37858145,2573935123,0
37858145,37860934,0
37766136,37766138,0
37766136,2574077198,0
37766136,37809914,0
37766138,37810347,0
37766138,37766140,0
2574077198,37852571,0
2574077198,37867870,0
2574077198,Paackland Ferry Terminal,0
37810347,37810348,0
37810347,37810321,0
37766771,37766795,0
37766795,37883108,0
37766795,37846995,0
37883108,37831096,0
37883108,7626627365,0
37883108,37884076,0
37846995,37833943,0
37846995,37835597,0
37766944,2791788567,0
37766944,37784321,0
2791788567,37883849,0
2791788567,37878770,0
37767174,37835102,0
37835102,37846303,0
37835102,37837530,0
37835102,37892464,0
37767438,37791314,0
37767438,37846938,0
37767438,1333749741,0
37767438,37840767,0
37846938,37831244,0
37846938,37840771,0
37846938,37856642,0
37840767,37864370,0
37840767,37840771,0
37840767,37840751,0
37768980,37830637,0
37768980,37768999,0
37768980,37849295,0
37830637,37830638,0
37830637,37884105,0
37830637,2002012471,0
37768999,37769001,0
37768999,37867900,0
37768999,2002012471,0
37849295,7100465208,0
37849295,37882344,0
37769001,2453703531,0
37769001,37769008,0
37867900,37867903,0
37867900,2453703531,0
2002012471,37788435,0
2453703531,37788435,0
2453703531,2453703547,0
37769008,37788433,0
37769008,37788435,0
37784321,37883849,0
37883849,37878758,0
37789679,37880094,0
37880094,37822030,0
37880094,37883053,0
37880094,37864069,0
37789845,37789848,0
37789845,5104340794,0
37789845,37852931,0
37789848,37852931,0
37789848,5104340793,0
5104340794,5104340802,0
5104340794,5104340793,0
5104340794,37853012,0
37852931,37822030,0
37852931,5104420829,0
37852931,37822031,0
5104340793,37853009,0
37798588,5965029124,0
37798588,37833936,0
37798588,37892351,0
5965029124,37844224,0
5965029124,37842222,0
37833936,37833925,0
37833936,37862890,0
37892351,37897907,0
37892351,37863422,0
37799728,37799737,0
37799737,37847461,0
37799737,37826718,0
37847461,2564317464,0
37847461,2564318352,0
37826718,37846147,0
37826718,37847487,0
37803173,37873669,0
37803173,5104406269,0
37803173,3481579446,0
37873669,37873665,0
37873669,2569086895,0
5104406269,5104407354,0
5104406269,37883932,0
3481579446,37803174,0
3481579446,2569086895,0
37803174,2569086895,0
37803174,4424459366,0
4424459366,37866948,0
4424459366,5104407359,0
37805781,37805783,0
37805781,2564179170,0
37805781,37826720,0
37805783,37840512,0
37805783,2564179180,0
2564179170,2564179223,0
2564179170,37867880,0
37826720,37879926,0
37826720,37826737,0
37808149,37808154,0
37808149,37852571,0
37808149,37852490,0
37852571,37857992,0
37852490,37852481,0
37852490,2573935131,0
37808658,37840245,0
37808658,2453703467,0
37808658,37872744,0
37840245,37840242,0
37840245,37872744,0
37872744,37846303,0
37808830,7100465208,0
7100465208,37867903,0
37809268,37857648,0
37809268,37843171,0
37809268,37868131,0
37843171,37831306,0
37843171,37857739,0
37809808,37860963,0
37809808,37847487,0
37809808,2564179268,0
37847487,37847468,0
37810280,37810281,0
37810280,37810321,0
37810321,37810323,0
37811602,37840020,0
37840020,37862853,0
37840020,7714749026,0
37822029,37833943,0
37833943,5326767419,0
37822030,37822031,0
37822031,37831107,0
37831107,2571003948,0
37831107,5104407359,0
37839331,37839335,0
37826661,37868142,0
37826661,37826663,0
37826661,2285274521,0
37868142,37875215,0
37868142,37857739,0
37826663,37858074,0
37826663,37867093,0
37858074,2572371593,0
37858074,37857742,0
37867093,2285274521,0
37867093,37867099,0
37846147,37846149,0
37846147,37846143,0
37879926,37879938,0
37879926,37878787,0
37826737,37867883,0
37826737,37826759,0
37826737,2564179323,0
37826759,2564179348,0
37826759,37840511,0
37828755,37866965,0
37866965,37846899,0
37866965,37831220,0
37866965,7557795052,0
37830253,37830255,0
37830253,37883064,0
37830253,37878758,0
37830255,37830257,0
37830255,37883144,0
37883064,37835597,0
37883064,37870990,0
37878758,37840060,0
37830257,37863211,0
37830257,37840063,0
37863211,37896414,0
37863211,37833950,0
37840063,37840061,0
37840063,37895535,0
37840063,2569379113,0
37830638,37830640,0
37830638,37884105,0
37884105,37884106,0
37830640,37830642,0
37830640,2571202513,0
37830642,2571202629,0
37830642,37882344,0
2571202513,2418098845,0
2571202513,37867534,0
2571202629,37849344,0
2571202629,37867534,0
37882344,37849342,0
37830645,37830647,0
37830647,37830649,0
37830647,37858030,0
37830649,37830651,0
37830649,37895695,0
37830649,37858031,0
37858030,37840381,0
37858030,37858031,0
37858031,2573968845,0
37858031,37858033,0
37830655,37882301,0
37830655,37862684,0
37830655,37831345,0
37830655,37830657,0
37882301,2418098997,0
37882301,37830657,0
37862684,37831346,0
37862684,37869341,0
37831345,37831346,0
37831345,37849355,0
37831345,37831344,0
37830657,37831344,0
37830657,37830658,0
37831344,37831343,0
37831344,37849358,0
37830658,37846924,0
37830658,37830659,0
37830658,37831343,0
37846924,37882295,0
37846924,37846931,0
37846924,2418098997,0
37830659,37831338,0
37830659,37830660,0
37830659,37882295,0
37831338,37849382,0
37831338,37831337,0
37831338,37831341,0
37830660,37882293,0
37830660,37830661,0
37830660,37831337,0
37882293,37846931,0
37882293,37846965,0
37882293,37882295,0
37830661,37831336,0
37830661,37830664,0
37830661,37846965,0
37831336,37831335,0
37831336,37846960,0
37831336,37831337,0
37830664,37840800,0
37830664,2571020738,0
37830664,37831335,0
37840800,7714728481,0
37840800,37852919,0
37840800,37846965,0
37830666,37882697,0
37830666,37831333,0
37830666,2571020738,0
37830666,37830668,0
37882697,37882284,0
37882697,37872571,0
37882697,37852921,0
37831333,37831332,0
37831333,37849389,0
37831333,37831334,0
2571020738,37831334,0
2571020738,37852921,0
37830668,37872571,0
37830668,37831332,0
37830668,37830672,0
37872571,37872577,0
37872571,37888689,0
37831332,12056497144,0
37831332,12056497163,0
37830672,37830676,0
37830672,37888689,0
37830676,37840034,0
37830676,37830679,0
37888689,37840034,0
37888689,37882278,0
37840034,37862881,0
37840034,37840037,0
37830679,37830684,0
37830679,37862881,0
37830679,37831317,0
37862881,37853012,0
37862881,37862882,0
37831317,37831321,0
37831317,2571003992,0
37830690,37858033,0
37858033,37857657,0
37831087,37831096,0
37831096,37853333,0
37853333,37853323,0
37853333,37845064,0
2571003948,2571003893,0
2571003948,2571003877,0
5104407359,5104407358,0
37831220,37831223,0
37831220,2564317464,0
37831223,37840238,0
37831223,37831236,0
37840238,37846899,0
37840238,37831236,0
37831244,37831246,0
37840868,37840867,0
37840868,37868440,0
37831246,37840771,0
37831246,37831248,0
37831248,37864370,0
37831248,37831252,0
37831248,37864371,0
37864370,37882719,0
37831252,37882719,0
37831252,37831253,0
37864371,2569449044,0
37864371,37840867,0
37864371,37864372,0
37882719,668942771,0
37882719,37872661,0
37831253,37831255,0
37831253,37872661,0
37831255,37868454,0
37831255,7714749026,0
37831255,37831258,0
37872661,7714749026,0
37872661,37872655,0
37868454,37868452,0
37868454,37862864,0
37868454,37895515,0
7714749026,37849292,0
37831258,37898924,0
37831258,37898918,0
37831258,37831260,0
37831260,37862857,0
37831260,37862853,0
37862857,37862864,0
37862857,37866955,0
37862853,37862851,0
37862853,37847019,0
37831306,37858059,0
37858059,2573401317,0
37858059,37843179,0
37858059,37857657,0
37849389,37849387,0
37831334,37849387,0
37831334,37831335,0
37849387,37864379,0
37849387,37840790,0
37831335,37840790,0
37846960,37846954,0
37846960,37849384,0
37846960,37840790,0
37831337,37849384,0
37849384,37868116,0
37849384,37849382,0
37849382,37849360,0
37849382,37868114,0
37831341,37849360,0
37831341,37831343,0
37849360,37846922,0
37831343,37846922,0
37849358,37868110,0
37849358,37849355,0
37849358,37846922,0
37831346,37849353,0
37849355,37849353,0
37849355,37868109,0
37849353,37849351,0
37849353,37862683,0
37831350,37831351,0
37831351,37831352,0
37831351,37869341,0
37831351,37849351,0
37869341,37867534,0
37849351,37849346,0
37849351,7714748996,0
37831384,37831399,0
37831399,37860934,0
37831399,37831419,0
37831399,37852481,0
37860934,37831419,0
37831419,37891168,0
37852481,37852907,0
37833911,37833920,0
37833911,2570761245,0
37833911,37835289,0
37833920,37833925,0
37833920,37873090,0
2570761245,2570761292,0
2570761245,37844224,0
37835289,37833925,0
37835289,37862867,0
37862890,37840048,0
37862890,37863949,0
37862890,37862889,0
37833940,37840048,0
37840048,37868125,0
5326767419,37847019,0
5326767419,6466919142,0
37833950,2569379090,0
37833950,37863212,0
2569379090,37833952,0
2569379090,2569379126,0
37834627,7557795057,0
37834627,37834631,0
37834627,7557795052,0
7557795057,7714748993,0
7557795057,7557795055,0
7557795057,37879920,0
37834631,37846911,0
37834631,37846914,0
37834631,37834647,0
7557795052,37846911,0
7557795052,7557795055,0
37846911,7557795048,0
37846914,2570852029,0
37846914,37846916,0
37834647,7557795048,0
37834647,37834649,0
7557795048,37868459,0
37834649,37834651,0
37834649,37867987,0
37834651,5099616466,0
37834651,37846947,0
37867987,37846947,0
5099616466,37834655,0
5099616466,7557471323,0
37846947,37864373,0
37834655,2570851922,0
37834655,37864373,0
37834655,37834663,0
2570851922,2570851949,0
37864373,37867989,0
37864373,37864372,0
37834663,37834664,0
37834663,37840011,0
37840011,37862867,0
37840011,37867990,0
37846303,7711257572,0
37846303,37840386,0
37837530,37837498,0
37837530,37849244,0
37835268,37854568,0
37835268,2570761292,0
37835268,2569494893,0
37854568,37844224,0
37854568,37854667,0
2570761292,2570761265,0
37862867,37862868,0
37862867,37862864,0
37835597,37835598,0
37835597,37868363,0
37835598,37835599,0
37835598,37852333,0
37868363,37868369,0
37868363,37894114,0
37837498,37857992,0
37857992,37839290,0
37849244,37849228,0
37849244,37867833,0
37837694,37837735,0
37837694,37870877,0
37837694,37874429,0
37837735,37874437,0
37837735,37870877,0
37870877,37870882,0
37874429,37870990,0
37874429,37883884,0
37874437,2569354228,0
37874437,37889988,0
37839290,37839314,0
37839290,37881293,0
37839314,37839317,0
37839314,37881293,0
37881293,37849228,0
37839321,2570761289,0
37839321,37842796,0
37839321,37880290,0
37839321,7620347604,0
37842796,37842805,0
37842796,37858206,0
37880290,37890043,0
37880290,37880292,0
37880290,37845713,0
37839335,2285274521,0
37839335,37839343,0
37839335,37882367,0
37882367,37867903,0
37882367,37883680,0
37882367,2453703547,0
37867990,37867989,0
37867990,37872593,0
37867990,37868452,0
37840037,37882278,0
37840037,37862882,0
37840037,3265555850,0
37882278,37895523,0
37882278,37872577,0
37862882,37853009,0
37862882,2418098796,0
37868125,37868123,0
37840060,37878770,0
37840060,37840061,0
37878770,37895535,0
37878770,37872598,0
37840061,37898197,0
37895535,37872666,0
37846899,37846903,0
37846899,2569449076,0
37840242,8281505848,0
37840242,37840381,0
37840242,37840386,0
37840381,37872752,0
37840386,37872740,0
37840790,7557471320,0
7557471320,37846954,0
7557471320,7557471319,0
7557471320,37864379,0
7714728481,7714728476,0
7714728481,37840809,0
7714728481,7714728482,0
37852919,37852921,0
37852919,37864381,0
37840866,37840867,0
37842222,37855544,0
37842222,37854606,0
37855544,37854606,0
37855544,37845091,0
37854606,37854619,0
37842805,37858199,0
37842805,37854657,0
37858206,37858199,0
37858206,37845909,0
37858199,37843032,0
37854657,37882959,0
37854657,37854619,0
37843032,37843081,0
37843032,37877195,0
37877195,37864069,0
37877195,37877196,0
37857739,37857740,0
37843179,37843182,0
37843179,37857742,0
37843182,Paackand/Centralia,0
37857742,37857751,0
37845064,37845103,0
37845064,37881322,0
37845064,37845073,0
37845073,37854667,0
37845073,37845075,0
37854667,37862864,0
37845086,37845091,0
37845091,37845097,0
37845097,37895200,0
37845097,37882953,0
37882953,37854619,0
37882953,37882959,0
37845711,37845713,0
37845711,37870887,0
37845711,37890043,0
37845713,2569488368,0
37845713,37880288,0
37890043,2882112031,0
37890043,37890042,0
37845907,3481546343,0
37845907,37878791,0
3481546343,37845909,0
37878791,37878801,0
37878791,37880100,0
37845909,7613623025,0
37846916,37890391,0
37846916,37846918,0
37890391,37879920,0
37890391,37863964,0
37846918,37846920,0
37846918,37863964,0
37846918,2570851970,0
37846920,37868114,0
37846920,37868110,0
37846920,37846922,0
37863964,37868110,0
37863964,37863966,0
37868114,37868116,0
37868110,37868109,0
37882295,37846931,0
7557471323,2570851949,0
37846954,37868116,0
37846965,7714728476,0
7714728476,37846971,0
37847019,37875519,0
37847468,37860987,0
37847468,37867880,0
37860987,2564318377,0
37867880,2564179247,0
37862681,37862682,0
37862681,7714748993,0
37862681,37879920,0
37849228,2574005694,0
37867833,37901224,0
37849292,2570761333,0
37849292,37881324,0
37849342,37849344,0
37849342,37867551,0
37849344,37849346,0
37867551,37849346,0
37867551,37867545,0
37849346,37867534,0
7714748996,37862683,0
7714748996,7714748995,0
37862683,37862682,0
37862683,37868109,0
37868109,37863966,0
37864379,37868121,0
37852921,37878650,0
37864381,7714728482,0
37864381,37878650,0
37853008,37853009,0
37853009,37853012,0
37853012,2571020719,0
37853049,37863422,0
37863422,2571003852,0
37854504,37868369,0
37868369,2569379079,0
37882959,37880292,0
2564318377,7564244729,0
37862682,2571147974,0
37862682,37863966,0
7714748993,7714748994,0
37879920,37863966,0
37863413,37863414,0
37863414,2571003852,0
37863414,37864069,0
2571003852,5104340802,0
37868121,37868123,0
37868123,37872587,0
37864372,37868452,0
37867989,37882693,0
7714728482,3265555855,0
37878650,37882284,0
37864385,37864386,0
37864385,2564179411,0
37864385,37878773,0
37864386,37896411,0
37864386,37882709,0
2564179411,2564179398,0
2564179411,37878787,0
37878773,37872598,0
37878773,37882709,0
37882709,668942771,0
37882709,37872666,0
37866728,37872577,0
37866728,37882284,0
37872577,3265555852,0
37901224,37867870,0
37901224,37867874,0
37867870,37867874,0
37867903,37867906,0
37868438,2570851982,0
37868438,7557795055,0
37870882,37890042,0
37870882,37889136,0
37890042,2569354228,0
37889136,37889137,0
37889136,37883884,0
37870990,7715320732,0
37872596,37872598,0
37872655,668942771,0
37872666,37872670,0
37873665,37883932,0
37883884,37880100,0
2569354228,37884076,0
37889988,37890007,0
37889988,37889991,0
37878787,2564179360,0
37880100,37880105,0
37883053,37892355,0
37883053,37883055,0
37880292,37884072,0
37884072,37884066,0
37884072,37884076,0
2418098997,2571147754,0
2453703547,37883663,0
37890007,37889991,0
2418098839,5104407354,0
2418098839,5104407358,0
5104407354,5104407358,0
2569354194,7715320732,0
5104340802,5104340801,0
48488677,48527713,0
48488677,48488713,0
48488677,2912844717,0
48527713,945601797,0
48527713,48527722,0
48488713,48531040,0
48488713,48516745,0
48488713,48542802,0
48531040,48531042,0
48531040,48543659,0
48531040,48516743,0
48504771,48504772,0
48504771,48550876,0
48504771,48524697,0
48504772,South Paackland Ferry Terminal,0
48550876,48550878,0
48550876,48550878,1
48524697,48543659,0
48524697,48524699,0
48524697,48524695,0
48510943,48510944,0
48510943,48578302,0
48510943,945601771,0
48510944,48571360,0
48510944,48516716,0
48578302,48567047,0
48578302,6005475081,0
945601771,48523019,0
945601771,48523017,0
48516716,48516722,0
48516716,48516713,0
48516716,48550552,0
48510977,1314573708,0
48510977,1314253221,0
48510977,48598827,0
1314573708,5360067737,0
1314573708,48598827,0
1314253221,48537015,0
1314253221,4598533739,0
48512011,48512013,0
48512011,48554691,0
48512011,48538979,0
48554691,491470183,0
48554691,48554676,0
48538979,48554676,0
48538979,48538984,0
48516707,48566618,0
48516707,48516713,0
48516713,2914784579,0
2914784579,2914784240,0
48516722,48523017,0
48516722,48516730,0
48550552,48550553,0
48550552,48571356,0
48523017,1331446993,0
48516730,1331446993,0
48516730,48516735,0
48516730,48531042,0
1331446993,48543655,0
48516735,1831088264,0
48516735,48516741,0
1831088264,48532932,0
1831088264,48571353,0
48516741,48531042,0
48516741,48516743,0
48516741,2919456355,0
48516741,48598862,0
48531042,48543657,0
48516743,2919456355,0
48516743,48516745,0
2919456355,2919456351,0
2919456355,48550845,0
48598862,48571353,0
48598862,48550845,0
48516745,2912844717,0
48516745,2912844717,1
48516745,2912844717,2
48516745,2919456351,0
48524695,1332340943,0
48524695,1332340959,0
48543659,48542802,0
48543659,48543657,0
48524699,48568668,0
48524699,48543657,0
48543657,48543655,0
48526187,48526189,0
48526187,48572598,0
48526187,1315655139,0
48572598,48533856,0
48572598,48554486,0
1315655139,48537081,0
1315655139,48537044,0
48526467,48526469,0
48526467,1838381574,0
48526467,48539579,0
1838381574,48539600,0
1838381574,7321039359,0
48539579,48539575,0
48539579,48586512,0
48528388,9756101575,0
48528388,4606956031,0
48528388,2914784240,0
9756101575,48553962,0
9756101575,9756101576,0
4606956031,48581837,0
4606956031,4612600192,0
48532932,48571356,0
48532932,48532937,0
48571356,48590489,0
48533856,48533857,0
48533856,48572605,0
48537015,48537036,0
48537015,48539575,0
48537036,48537044,0
48537036,48572665,0
48539575,48598853,0
48537044,48554471,0
48554471,48554486,0
48554471,48554486,1
48537081,1320921307,0
48537081,1314672635,0
1314672635,1314672530,0
48554676,491470185,0
48598853,48602690,0
48598853,2914690850,0
48542789,48550845,0
48542789,2919456351,0
48542802,1332340938,0
48542802,South Paackand/Centralia,0
48543655,48581686,0
48552421,491470183,0
48552421,5360067736,0
491470183,491470184,0
5360067736,48552520,0
5360067736,5360067729,0
48552520,48580604,0
48552520,5360067737,0
48580604,48580605,0
48580604,491470187,0
5360067737,5360067780,0
48553962,2914690850,0
48553962,48553963,0
2914690850,2914690611,0
491470185,491470186,0
491470185,491470184,0
491470185,48586732,0
48567047,48567071,0
48567047,48567071,1
48567071,48601524,0
48571353,48581837,0
48581837,48581840,0
6005475081,6005475082,0
6005475081,6005475079,0
48580605,48580616,0
48580605,2305198702,0
491470187,491470186,0
491470187,491470184,0
48580616,48580639,0
48580616,2305198742,0
48593725,491470186,0
6005475078,6005475079,0
6005475079,6005475080,0
30166779,30191443,0
30166779,7986373443,0
30166779,30192455,0
30191443,30180067,0
30191443,30190911,0
7986373443,30191353,0
7986373443,7986373450,0
30192455,30188857,0
30192455,2400772507,0
30168820,30177368,0
30168820,30192075,0
30168820,30173350,0
30168820,30187896,0
30177368,30179113,0
30177368,30191866,0
30177368,30187896,0
30173350,30186075,0
30173350,30177046,0
30173350,30179198,0
30187896,30177660,0
30169053,30191629,0
30169053,30188080,0
30169053,30194282,0
30191629,30197386,0
30191629,30179401,0
30194282,30191602,0
30194282,30194321,0
30169106,30179401,0
30169106,30192246,0
30169106,30194321,0
30179401,30188415,0
30192246,30175840,0
30192246,30195650,0
30194321,30188207,0
30169655,30188922,0
30188922,30196032,0
30188922,30192597,0
30169908,30196366,0
30169908,9196654138,0
30169908,30180067,0
30196366,30181844,0
30196366,30183958,0
30196366,30187800,0
30180067,30187800,0
30170692,30181827,0
30181827,491315194,0
30181827,2917697711,0
30171030,30192871,0
30192871,30179016,0
30192871,30181805,0
30192871,30187146,0
30171672,30179198,0
30171672,30177144,0
30171672,30194033,0
30179198,30187907,0
30177144,2400772525,0
30177144,30177787,0
30177144,Suna Spit,0
30194033,30176410,0
30172036,30194340,0
30172036,30188848,0
30194340,30178203,0
30194340,30183958,0
30194340,30181844,0
30172191,30182685,0
30172191,30179495,0
30172191,3872404003,0
30182685,30182638,0
30182685,30181805,0
30179495,30180726,0
30179495,30196750,0
30186075,30190924,0
30186075,30177660,0
30177046,30185454,0
30177046,30185278,0
30173733,30194356,0
30173733,Himark Ferry Terminal,0
30194356,30197386,0
30194356,12674442354,0
30175057,30176287,0
30176287,4978801697,0
30176287,30181000,0
30175297,30177997,0
30175297,30184716,0
30175297,30189538,0
30177997,30188134,0
30177997,30191035,0
30189538,30180905,0
30189538,30195171,0
30175424,30186826,0
30186826,30180726,0
30186826,30176997,0
30186826,30176892,0
30175687,30176892,0
30176892,30180726,0
30175840,30177660,0
30175840,30189113,0
30189113,30189957,0
30189113,30189873,0
4978801697,30185278,0
4978801697,4978801699,0
30181000,30196032,0
30181000,30189957,0
30176410,2917692849,0
30176410,30178764,0
2917692849,30188242,0
2917692849,30192815,0
30180726,30176997,0
30176968,30185278,0
30176968,30188493,0
30176968,30181127,0
30185278,4978801699,0
30181127,9196630064,0
30181127,30190911,0
30181127,10582191450,0
30176997,30182638,0
30176997,3872404001,0
30182638,30185320,0
30182638,30183119,0
30185454,30180884,0
30185454,30188101,0
30185454,30196295,0
2400772525,2400772538,0
2400772525,2400772536,0
30177787,30195507,0
30177787,30179113,0
30179113,3754754999,0
30179113,30183355,0
30191866,30195650,0
30191035,30188500,0
30191035,3759571381,0
30178203,30187146,0
30178203,30188848,0
30187146,30183958,0
30188848,30181805,0
30178740,30188415,0
30178740,6617815637,0
30178740,30186669,0
30188415,30189873,0
30179016,30185320,0
30179016,2400772498,0
30185320,30195533,0
30185320,30181805,0
30179053,3753651725,0
30179053,12674442354,0
3753651725,3753651731,0
30187907,30188101,0
30187907,3882985408,0
30180008,30192815,0
30180008,30192815,1
30187800,9196630068,0
30196032,30197180,0
30189957,4978801699,0
30189957,2498922483,0
30181058,3759571381,0
30181058,30195171,0
30181058,30188857,0
3759571381,3753651744,0
30195171,30189916,0
30188857,3753651732,0
9196630064,5865952514,0
9196630064,5865952512,0
30190911,30189916,0
10582191450,10582191449,0
10582191450,30188818,0
30181250,30185051,0
30181250,30197180,0
30181250,9196630059,0
30185051,30181844,0
30185051,4070523228,0
30185051,30192597,0
30197180,30192597,0
9196630059,5865952509,0
9196630059,5865952522,0
491315194,12674442354,0
30181844,2917696400,0
2917696400,3466798045,0
2917696400,5310046070,0
30183119,30236025,0
30183119,30236025,1
30183119,3753651738,0
30236025,2400772513,0
30236025,2400772517,0
4070523228,3466798045,0
4070523228,3466798035,0
30192597,2459691595,0
30188101,10582191449,0
9196630068,4978797609,0
9196630068,5865952516,0
3882985408,2460048511,0
10582191449,30188818,0
30189873,3753647624,0
30188818,30193547,0
30193547,2460048510,0
30193547,2460048511,0
3753651732,2400772517,0
3753651732,3753651734,0
30189916,2460048510,0
2460048510,2460048511,0
30190676,3753651744,0
3753651744,3753651745,0
30197386,30192735,0
30226142,3466798035,0
30226142,5849775333,0
30226142,5849775342,0
3466798035,3466798045,0
5849775333,5849775342,0
2400772517,9289129593,0
2400772516,9289192575,0
9289192575,9289129593,0
9289192575,9289192576,0
9289129593,9289129594,0
2400772538,2400772536,0
2400772536,2400772537,0
4978797609,5865952522,0
4978797609,5865952516,0
5865952522,5865952509,0
5865952509,5865952512,0
5865952512,5865952514,0
5865952514,5865952516,0
35836420,35846387,0
35836420,35900215,0
35836420,35867428,0
35836420,35839416,0
35846387,35897894,0
35846387,35844380,0
35900215,35860847,0
35900215,35844380,0
35900215,35847148,0
35867428,35860847,0
35867428,35852732,0
35839416,35844583,0
35839416,35879992,0
35838183,35888490,0
35888490,35900282,0
35888490,35886004,0
35838266,35881797,0
35881797,35894180,0
35881797,35840463,0
35881797,35872106,0
35839411,35872400,0
35839411,35889363,0
35839411,35848878,0
35872400,35872967,0
35872400,35911733,0
35889363,35892544,0
35889363,35892544,1
35848878,35858962,0
35848878,35856487,0
35844583,35896815,0
35844583,35897894,0
35844583,35897894,1
35879992,35857122,0
35879992,35886258,0
35879992,35898529,0
35839892,35849545,0
35839892,35889582,0
35839892,35887669,0
35849545,35917861,0
35849545,35848386,0
35849545,35871201,0
35889582,35917861,0
35889582,35887669,0
35887669,35845854,0
35840463,35845854,0
35840463,35844829,0
35845854,35877808,0
35844829,35877808,0
35844829,35885330,0
35840900,35886258,0
35840900,35911290,0
35840900,35898529,0
35840900,35906236,0
35886258,35885449,0
35886258,35889141,0
35911290,35858962,0
35911290,35841387,0
35898529,35852732,0
35898529,35841387,0
35906236,35858962,0
35906236,35889141,0
35906236,35856487,0
35841387,35891644,0
35891644,35865710,0
35891644,35885796,0
35841755,35862979,0
35841755,35899618,0
35841755,35875226,0
35841755,35851591,0
35841755,35846072,0
35862979,35913163,0
35862979,35850639,0
35862979,35842160,0
35899618,35895201,0
35899618,35845486,0
35875226,35854317,0
35875226,8776374700,0
35851591,35913163,0
35851591,35847941,0
35851591,35870432,0
35846072,35845100,0
35846072,35908466,0
35846072,35895201,0
35842160,35911139,0
35842160,35900282,0
35842160,35862598,0
35900282,35885942,0
35900282,35850639,0
35862598,35913163,0
35862598,35886004,0
35862598,35870432,0
35844380,35853655,0
35853655,35847148,0
35853655,35847180,0
35844404,35920349,0
35920349,35848633,0
35920349,35886104,0
35896815,35891823,0
35896815,35883802,0
35897894,35872159,0
35844638,35903390,0
35903390,416797704,0
35903390,35868389,0
35877808,35861510,0
35885330,35856487,0
35885330,35889141,0
35885330,35899750,0
35845100,35888918,0
35845100,35850639,0
35888918,35861728,0
35888918,35892257,0
35888918,35908466,0
35850639,35892257,0
35845486,35899162,0
35845486,35901423,0
35899162,35895201,0
35899162,35898436,0
35899162,35852451,0
35901423,35892903,0
35901423,35891136,0
35908466,35881261,0
35908466,35892956,0
35895201,35881261,0
35847148,35916684,0
35847148,35897790,0
35916684,35921817,0
35916684,35899522,0
35916684,35860847,0
35897790,35892956,0
35897790,35899522,0
35847941,35854317,0
35847941,35855464,0
35854317,35899754,0
35855464,35870432,0
35855464,35872680,0
35855464,8774871637,0
35848179,35872159,0
35872159,35918200,0
35848386,35913119,0
35848386,35895345,0
35849167,35896258,0
35849167,35885796,0
35849167,35907595,0
35896258,35860847,0
35896258,35921817,0
35896258,416796650,0
35885796,35916188,0
35907595,35891565,0
35907595,35883793,0
35917861,35878818,0
35892257,35901530,0
35892257,35885942,0
35870432,35885637,0
35852451,35855064,0
35852451,35869587,0
35855064,35892956,0
35855064,35881261,0
35855064,35899522,0
35869587,35921817,0
35869587,35899522,0
35869587,35900614,0
35852732,35902782,0
35852941,35892544,0
35852941,35899750,0
35852964,35900614,0
35852964,35872634,0
35852964,35891679,0
35900614,35883793,0
35872634,35890900,0
35872634,35880241,0
35892956,35861728,0
8774871637,Midebend,0
35857122,35871258,0
35857122,35883802,0
35871258,35872106,0
35871258,35885449,0
35871258,35894180,0
35883802,35872106,0
35858156,35908634,0
35858156,35861510,0
35858156,Haacklee Ferry Terminal,0
35859857,35891136,0
35891136,35886104,0
35861728,35901530,0
35901530,35862788,0
35901530,35918200,0
35886004,35885637,0
35886004,35914719,0
35862788,35918200,0
35862788,35885942,0
35862788,5845222814,0
35885637,35889122,0
35872106,35882730,0
35885449,35899569,0
35894180,35899569,0
35894180,35921162,0
35872967,35911733,0
35872967,35911733,1
35890900,35883793,0
35890900,4742492748,0
35880241,35898436,0
35880241,35885471,0
35898436,35903482,0
35883793,35902027,0
35889141,35899569,0
35889122,416797704,0
35916188,35922181,0
35916188,35891565,0
35914719,416797704,0
35914719,4010337170,0
35886104,35916793,0
4742492748,35891565,0
4742492748,4742492742,0
35903482,Sun Wrasse South,0
36939376,36952113,0
36939376,2519421034,0
36939376,2519420987,0
36952113,36988137,0
36952113,Port Grove West,0
2519421034,2519421175,0
2519421034,2519430325,0
2519421034,2519421010,0
2519420987,2519379448,0
2519420987,10803677425,0
36939926,36998918,0
36998918,36998920,0
36998918,36965638,0
36988137,2519379448,0
36988137,36988183,0
36955938,36955939,0
36955938,36959801,0
36955938,36965942,0
36955938,36979025,0
36955939,36955940,0
36955939,36959793,0
36955939,36959792,0
36959801,36959792,0
36959801,36959799,0
36965942,36965940,0
36965942,36984120,0
36979025,36959793,0
36979025,36979026,0
36979025,36984120,0
36955940,36955941,0
36955940,36965640,0
36955940,36965638,0
36959793,36965640,0
36959793,36959794,0
36959792,36965638,0
36955941,36955942,0
36955941,36984121,0
36965640,36984121,0
36955942,36955943,0
36955942,36984125,0
36955942,36998920,0
36984121,36984125,0
36955943,36985930,0
36955943,36985929,0
36998920,36972663,0
36985929,36972663,0
36985929,36965634,0
36959790,36959799,0
36959799,36965634,0
36959794,36959795,0
36959795,36979030,0
36959795,2519379444,0
36959795,36965643,0
36979030,36988183,0
36979030,2519379448,0
36965643,2519421134,0
2519421134,2519421017,0
36965940,Midebend,0
36984120,36992850,0
36984120,36988183,0
36972656,36972663,0
2519421017,Port Grove Ferry Terminal,0
2519430325,2519430363,0
2519430325,2519430342,0
2519421167,2519430361,0
2519430361,2519430363,0
2519430361,2519430342,0
2519430363,2519430342,0
Nav 3,Nav D,0
Nav 3,South Paackland Ferry Terminal,0
Nav D,Haacklee Ferry Terminal,0
Nav A,Nav E,0
Nav A,Himark Ferry Terminal,0
Nav C,Nav E,0
Nav C,Nav 1,0
Nav C,Lomark Ferry Terminal,0
Nav 2,Nav 1,0
Nav 2,Paackland Ferry Terminal,0
Suna Spit,Limpet Overlook,0
Limpet Overlook,Port Grove West,0
Sun Wrasse North,Sun Wrasse South,0
Haacklee Ferry Terminal,South Suna Waypoint,0
Port Grove Ferry Terminal,South Suna Waypoint,0
